
[
    
    {
        "NAME":"Web Designing",
        "DURATION":"12 months" 
    },

    {
        "NAME":"VFX and Animation",
        "DURATION":"8 months"
    },
    
    {
        "NAME":"Hardware and Networking Courses",
        "DURATION":"6 months"
    },
    
    {
        "NAME":"Software and Programming Language Courses",
        "DURATION":"12-15 months"
    },
    
    {
        "NAME":"Diploma in IT",
        "DURATION":"6-12 months"
    },
    
    {
        "NAME":"Data entry operator course",
        "DURATION":"6 months"
    }
    
    
    
    
    
    
]